artifact,artifact_sha256,backtest_days,backtest_end,backtest_start,closed_trade_max_drawdown_pct,draws,exchange,fee,final_balance,losses,market_change,max_drawdown_account,max_open_trades,pairlist,profit_factor,profit_factor_state,profit_pct,profit_total,profit_total_abs,raw_sensitive_archive,result_member,result_role,run_id,stake_amount,stake_currency,starting_balance,strategy,strategy_name,timeframe,timerange,total_trades,trades_per_day,trades_sha256,trading_mode,truth_status,wallet_max_drawdown_pct,winrate,winrate_pct,wins
evidence/ed8_v741/ED8_V741_8x_InternalExecution/backtests/V741_Final_Off_Backtest.zip,413e63d7f140c7ddc684f683c762436f26ea63b598642b96c3835b7674da9ebe,120,2026-05-01 00:00:00,2026-01-01 00:00:00,0.0,0,binance,0.001,63.10967119,0,-0.1276177348828778,0.0,1,"[""BTC/USDC""]",0.0,UNDEFINED_NO_LOSSES,26.21934238,0.2621934238,13.10967119,True,backtest-result-2026-06-08_15-11-42.json,HISTORICAL_EVIDENCE,backtests:ED8,unlimited,USDC,50,ED8,ED8,1m,20260101-20260501,20,0.17,700a36907f0258b3620a6ce887e6191de1c83528e98234c5c6c65d6f9c1a07a5,spot,VERIFIZIERT,1.9133763624023865,1.0,100.0,20
evidence/ed8_v741/ED8_V741_8x_InternalExecution/backtests/V741_Final_On_Backtest.zip,ff599528654838098a46da895820a5d3e89da212f2afe8cc05f1e44be044cb78,120,2026-05-01 00:00:00,2026-01-01 00:00:00,0.0,0,binance,0.001,63.10967119,0,-0.1276177348828778,0.0,1,"[""BTC/USDC""]",0.0,UNDEFINED_NO_LOSSES,26.21934238,0.2621934238,13.10967119,True,backtest-result-2026-06-08_15-13-25.json,HISTORICAL_EVIDENCE,backtests:ED8,unlimited,USDC,50,ED8,ED8,1m,20260101-20260501,20,0.17,700a36907f0258b3620a6ce887e6191de1c83528e98234c5c6c65d6f9c1a07a5,spot,VERIFIZIERT,1.9133763624023865,1.0,100.0,20
results/baselines_full_development/backtest-result-2026-08-17_17-39-20.zip,ddc1b4dfe370528e0aea3a5e0ebbb5c137263e8d8ba5846885ff926dc28fb9b7,120,2026-05-01 00:00:00,2026-01-01 00:00:00,89.19907004100011,0,binance,0.001,108.00929958999882,862,-0.1276177348828778,0.8919907004100012,1,"[""BTC/USDC""]",0.2695035313442374,FINITE,-89.199070041,-0.8919907004100001,-891.99070041,False,backtest-result-2026-08-17_17-39-20.json,LOCAL_RESEARCH_RUN,baselines_full_development:BreakoutBaseline,unlimited,USDC,1000.0,BreakoutBaseline,BreakoutBaseline,1m,20260101-20260501,1045,8.71,e7686db7d8ff768aa27756e9152d77b03e6d15d6c47bcc31da4113ece3e30dd3,spot,VERIFIZIERT,89.23373838903889,0.17511961722488037,17.51196172248804,183
results/baselines_full_development/backtest-result-2026-08-17_17-39-20.zip,ddc1b4dfe370528e0aea3a5e0ebbb5c137263e8d8ba5846885ff926dc28fb9b7,120,2026-05-01 00:00:00,2026-01-01 00:00:00,12.853452228000004,0,binance,0.001,871.46547772,1,-0.1276177348828778,0.12853452228000004,1,"[""BTC/USDC""]",0.0,FINITE,-12.853452228,-0.12853452228,-128.53452228,False,backtest-result-2026-08-17_17-39-20.json,LOCAL_RESEARCH_RUN,baselines_full_development:BuyHoldBaseline,unlimited,USDC,1000.0,BuyHoldBaseline,BuyHoldBaseline,1m,20260101-20260501,1,0.01,21e642800aa11d3b1c6b0d1b44721f92e4f01e25ac8e3d22efa24206548830a5,spot,VERIFIZIERT,38.33339533828931,0.0,0.0,0
results/baselines_full_development/backtest-result-2026-08-17_17-39-20.zip,ddc1b4dfe370528e0aea3a5e0ebbb5c137263e8d8ba5846885ff926dc28fb9b7,120,2026-05-01 00:00:00,2026-01-01 00:00:00,0.0,0,binance,,1000.0,0,-0.1276177348828778,0.0,1,"[""BTC/USDC""]",0.0,UNDEFINED_NO_TRADES,0.0,0.0,0,False,backtest-result-2026-08-17_17-39-20.json,LOCAL_RESEARCH_RUN,baselines_full_development:CashBaseline,unlimited,USDC,1000.0,CashBaseline,CashBaseline,1m,20260101-20260501,0,0.0,4f53cda18c2baa0c0354bb5f9a3ecbe5ed12ab4d8e11ba873c2f11161202b945,spot,VERIFIZIERT,0.0,0,0.0,0
results/baselines_full_development/backtest-result-2026-08-17_17-39-20.zip,ddc1b4dfe370528e0aea3a5e0ebbb5c137263e8d8ba5846885ff926dc28fb9b7,120,2026-05-01 00:00:00,2026-01-01 00:00:00,97.40790124005181,0,binance,0.001,25.922161039998286,1488,-0.1276177348828778,0.9740790124005182,1,"[""BTC/USDC""]",0.23695064896884926,FINITE,-97.407783896,-0.97407783896,-974.07783896,False,backtest-result-2026-08-17_17-39-20.json,LOCAL_RESEARCH_RUN,baselines_full_development:EMACrossoverBaseline,unlimited,USDC,1000.0,EMACrossoverBaseline,EMACrossoverBaseline,1m,20260101-20260501,1763,14.69,45151179271b78e65dfaf10e507ccd9eee53d206884fe2a714f1e96685711c79,spot,VERIFIZIERT,97.41401809896956,0.15598411798071468,15.598411798071469,275
results/baselines_full_development/backtest-result-2026-08-17_17-39-20.zip,ddc1b4dfe370528e0aea3a5e0ebbb5c137263e8d8ba5846885ff926dc28fb9b7,120,2026-05-01 00:00:00,2026-01-01 00:00:00,21.45421143707467,0,binance,0.001,822.60259806,1,-0.1276177348828778,0.2145421143707467,1,"[""BTC/USDC""]",0.2104720190383844,FINITE,-17.739740194,-0.17739740194,-177.39740194,False,backtest-result-2026-08-17_17-39-20.json,LOCAL_RESEARCH_RUN,baselines_full_development:ROIOnlyBaseline,unlimited,USDC,1000.0,ROIOnlyBaseline,ROIOnlyBaseline,1m,20260101-20260501,17,0.14,1c33ba013e7986cc6f32b91a3595978ac5186bd745f0615a9a6aa2e1696bf399,spot,VERIFIZIERT,38.02860096030293,0.9411764705882353,94.11764705882352,16
results/baselines_full_development/backtest-result-2026-08-17_17-39-20.zip,ddc1b4dfe370528e0aea3a5e0ebbb5c137263e8d8ba5846885ff926dc28fb9b7,120,2026-05-01 00:00:00,2026-01-01 00:00:00,62.33789065233589,0,binance,0.001,377.0833747100005,372,-0.1276177348828778,0.6233789065233589,1,"[""BTC/USDC""]",0.4323611899462903,FINITE,-62.29166252899999,-0.6229166252899999,-622.91662529,False,backtest-result-2026-08-17_17-39-20.json,LOCAL_RESEARCH_RUN,baselines_full_development:RandomSignalControl,unlimited,USDC,1000.0,RandomSignalControl,RandomSignalControl,1m,20260101-20260501,508,4.23,7a6ab298fde244a030f091677054a4252e7dd9374c354c2b3da7624682add6c5,spot,VERIFIZIERT,62.66501902662953,0.2677165354330709,26.77165354330709,136
results/baselines_full_development/backtest-result-2026-08-17_17-39-20.zip,ddc1b4dfe370528e0aea3a5e0ebbb5c137263e8d8ba5846885ff926dc28fb9b7,120,2026-05-01 00:00:00,2026-01-01 00:00:00,91.54570578400009,0,binance,0.001,84.54294215999903,1000,-0.1276177348828778,0.915457057840001,1,"[""BTC/USDC""]",0.3048461346181365,FINITE,-91.54570578399999,-0.9154570578399999,-915.4570578399998,False,backtest-result-2026-08-17_17-39-20.json,LOCAL_RESEARCH_RUN,baselines_full_development:SMACrossoverBaseline,unlimited,USDC,1000.0,SMACrossoverBaseline,SMACrossoverBaseline,1m,20260101-20260501,1221,10.18,5f6a5bf7420830c149f6230da4bcfd14d9423cf236843a5fad169ab523307f7d,spot,VERIFIZIERT,91.566459417126,0.180999180999181,18.0999180999181,221
results/baselines_full_development/backtest-result-2026-08-17_17-39-20.zip,ddc1b4dfe370528e0aea3a5e0ebbb5c137263e8d8ba5846885ff926dc28fb9b7,120,2026-05-01 00:00:00,2026-01-01 00:00:00,29.671748000000004,0,binance,0.001,852.4929081,16,-0.1276177348828778,0.29671748000000003,1,"[""BTC/USDC""]",0.502870232316613,FINITE,-14.750709190000002,-0.14750709190000003,-147.50709190000003,False,backtest-result-2026-08-17_17-39-20.json,LOCAL_RESEARCH_RUN,baselines_full_development:StoplossOnlyBaseline,unlimited,USDC,1000.0,StoplossOnlyBaseline,StoplossOnlyBaseline,1m,20260101-20260501,17,0.14,db8aeedcb6dcb7dc8e813d1cf55da45520bb7345253d81986693562734077846,spot,VERIFIZIERT,37.215437632041144,0.058823529411764705,5.88235294117647,1
results/baselines_train/baselines_train-2026-08-17_17-59-35.zip,2c21af882f52dc93c9d7b35faa35719e99fed97c309c0e2ba1277ef5dcffd795,59,2026-03-01 00:00:00,2026-01-01 00:00:00,68.85140122300005,0,binance,0.001,314.5677831099995,427,-0.2346409827321829,0.6885140122300005,1,"[""BTC/USDC""]",0.2452436889006964,FINITE,-68.543221689,-0.6854322168900001,-685.4322168900001,False,baselines_train-2026-08-17_17-59-35.json,LOCAL_RESEARCH_RUN,baselines_train:BreakoutBaseline,unlimited,USDC,1000.0,BreakoutBaseline,BreakoutBaseline,1m,20260101-20260301,510,8.64,862fd0a2c2555f85635332debd92156be7604971c38c36281d237120a2e4d6ba,spot,VERIFIZIERT,68.95138061990457,0.1627450980392157,16.274509803921568,83
results/baselines_train/baselines_train-2026-08-17_17-59-35.zip,2c21af882f52dc93c9d7b35faa35719e99fed97c309c0e2ba1277ef5dcffd795,59,2026-03-01 00:00:00,2026-01-01 00:00:00,23.426904746,0,binance,0.001,765.73095254,1,-0.2346409827321829,0.23426904746000002,1,"[""BTC/USDC""]",0.0,FINITE,-23.426904745999998,-0.23426904746,-234.26904746,False,baselines_train-2026-08-17_17-59-35.json,LOCAL_RESEARCH_RUN,baselines_train:BuyHoldBaseline,unlimited,USDC,1000.0,BuyHoldBaseline,BuyHoldBaseline,1m,20260101-20260301,1,0.02,cfb7ced914597b158db7064b1c362f17fe90b6223d5dc2d240d8126dcb83c8b8,spot,VERIFIZIERT,38.33339533828931,0.0,0.0,0
results/baselines_train/baselines_train-2026-08-17_17-59-35.zip,2c21af882f52dc93c9d7b35faa35719e99fed97c309c0e2ba1277ef5dcffd795,59,2026-03-01 00:00:00,2026-01-01 00:00:00,0.0,0,binance,,1000.0,0,-0.2346409827321829,0.0,1,"[""BTC/USDC""]",0.0,UNDEFINED_NO_TRADES,0.0,0.0,0,False,baselines_train-2026-08-17_17-59-35.json,LOCAL_RESEARCH_RUN,baselines_train:CashBaseline,unlimited,USDC,1000.0,CashBaseline,CashBaseline,1m,20260101-20260301,0,0.0,4f53cda18c2baa0c0354bb5f9a3ecbe5ed12ab4d8e11ba873c2f11161202b945,spot,VERIFIZIERT,0.0,0,0.0,0
results/baselines_train/baselines_train-2026-08-17_17-59-35.zip,2c21af882f52dc93c9d7b35faa35719e99fed97c309c0e2ba1277ef5dcffd795,59,2026-03-01 00:00:00,2026-01-01 00:00:00,85.96496706153769,0,binance,0.001,143.50223387999927,729,-0.2346409827321829,0.8596496706153769,1,"[""BTC/USDC""]",0.21849951212085655,FINITE,-85.649776612,-0.85649776612,-856.4977661199999,False,baselines_train-2026-08-17_17-59-35.json,LOCAL_RESEARCH_RUN,baselines_train:EMACrossoverBaseline,unlimited,USDC,1000.0,EMACrossoverBaseline,EMACrossoverBaseline,1m,20260101-20260301,866,14.68,71d0c5615b973f1a4d1a3e400da7a412a929778b2b856ea26cf3363afa5ce992,spot,VERIFIZIERT,86.01901636149864,0.1581986143187067,15.819861431870669,137
results/baselines_train/baselines_train-2026-08-17_17-59-35.zip,2c21af882f52dc93c9d7b35faa35719e99fed97c309c0e2ba1277ef5dcffd795,59,2026-03-01 00:00:00,2026-01-01 00:00:00,30.972615146063063,0,binance,0.001,722.91725829,1,-0.2346409827321829,0.30972615146063065,1,"[""BTC/USDC""]",0.14579044025642995,FINITE,-27.708274171000003,-0.27708274171,-277.08274171000005,False,baselines_train-2026-08-17_17-59-35.json,LOCAL_RESEARCH_RUN,baselines_train:ROIOnlyBaseline,unlimited,USDC,1000.0,ROIOnlyBaseline,ROIOnlyBaseline,1m,20260101-20260301,17,0.29,3addb81cf2adc267b6690b213eaa80b054c5cbb5fb9611bc3210f51ad3f5860d,spot,VERIFIZIERT,38.02860096030293,0.9411764705882353,94.11764705882352,16
results/baselines_train/baselines_train-2026-08-17_17-59-35.zip,2c21af882f52dc93c9d7b35faa35719e99fed97c309c0e2ba1277ef5dcffd795,59,2026-03-01 00:00:00,2026-01-01 00:00:00,42.772609479995545,0,binance,0.001,588.9830137299999,179,-0.2346409827321829,0.42772609479995544,1,"[""BTC/USDC""]",0.40173784517667793,FINITE,-41.10169862699999,-0.41101698626999994,-411.01698626999996,False,baselines_train-2026-08-17_17-59-35.json,LOCAL_RESEARCH_RUN,baselines_train:RandomSignalControl,unlimited,USDC,1000.0,RandomSignalControl,RandomSignalControl,1m,20260101-20260301,254,4.31,6e79809c35c48c7a8baf15c289941eff3c8990144ab4a72797afc9faae097cbb,spot,VERIFIZIERT,43.2295099179402,0.2952755905511811,29.527559055118108,75
results/baselines_train/baselines_train-2026-08-17_17-59-35.zip,2c21af882f52dc93c9d7b35faa35719e99fed97c309c0e2ba1277ef5dcffd795,59,2026-03-01 00:00:00,2026-01-01 00:00:00,73.0975732170001,0,binance,0.001,276.0194561999989,494,-0.2346409827321829,0.730975732170001,1,"[""BTC/USDC""]",0.28219615914778806,FINITE,-72.39805438,-0.7239805438000001,-723.9805438000001,False,baselines_train-2026-08-17_17-59-35.json,LOCAL_RESEARCH_RUN,baselines_train:SMACrossoverBaseline,unlimited,USDC,1000.0,SMACrossoverBaseline,SMACrossoverBaseline,1m,20260101-20260301,596,10.1,d851a26c2325dcc4f297178ffeaed0bbaa617e8875a6a17b3f97c494822e46fe,spot,VERIFIZIERT,73.25650203295382,0.17114093959731544,17.114093959731544,102
results/baselines_train/baselines_train-2026-08-17_17-59-35.zip,2c21af882f52dc93c9d7b35faa35719e99fed97c309c0e2ba1277ef5dcffd795,59,2026-03-01 00:00:00,2026-01-01 00:00:00,29.671748000000004,0,binance,0.001,748.7591954,16,-0.2346409827321829,0.29671748000000003,1,"[""BTC/USDC""]",0.1532659127463606,FINITE,-25.124080460000002,-0.25124080460000003,-251.24080460000002,False,baselines_train-2026-08-17_17-59-35.json,LOCAL_RESEARCH_RUN,baselines_train:StoplossOnlyBaseline,unlimited,USDC,1000.0,StoplossOnlyBaseline,StoplossOnlyBaseline,1m,20260101-20260301,17,0.29,8557af056c48f689675afba2fdba947051296516e53457e7927d955412af5e1d,spot,VERIFIZIERT,37.215437632041144,0.058823529411764705,5.88235294117647,1
results/champion_ablation/backtest-result-2026-08-17_17-45-29.zip,0a797f511126e5d328ea675ddfd3c2f1a3ca91e437fe58082630421bab11017a,120,2026-05-01 00:00:00,2026-01-01 00:00:00,1.798660352759033,0,binance,0.001,58.91205121,2,-0.1276177348828778,0.01798660352759033,1,"[""BTC/USDC""]",5.9901472371101585,FINITE,17.82410242,0.1782410242,8.91205121,False,backtest-result-2026-08-17_17-45-29.json,LOCAL_RESEARCH_RUN,champion_ablation:ED8Delay1,unlimited,USDC,50.0,ED8Delay1,ED8Delay1,1m,20260101-20260501,20,0.17,5658eb17c43ebe7279d319e92d6b979568dcba091c066b4baaf78a6ddbcadd89,spot,VERIFIZIERT,2.646838178153836,0.9,90.0,18
results/champion_ablation/backtest-result-2026-08-17_17-45-29.zip,0a797f511126e5d328ea675ddfd3c2f1a3ca91e437fe58082630421bab11017a,120,2026-05-01 00:00:00,2026-01-01 00:00:00,1.8919997903096124,0,binance,0.001,59.69317281,2,-0.1276177348828778,0.018919997903096123,1,"[""BTC/USDC""]",6.300380234395116,FINITE,19.38634562,0.1938634562,9.69317281,False,backtest-result-2026-08-17_17-45-29.json,LOCAL_RESEARCH_RUN,champion_ablation:ED8Delay2,unlimited,USDC,50.0,ED8Delay2,ED8Delay2,1m,20260101-20260501,20,0.17,81f2129852a55051eb4c461c148a8704a08846d897cca21769f507582b3db6f5,spot,VERIFIZIERT,2.514989991980367,0.9,90.0,18
results/champion_ablation/backtest-result-2026-08-17_17-45-29.zip,0a797f511126e5d328ea675ddfd3c2f1a3ca91e437fe58082630421bab11017a,120,2026-05-01 00:00:00,2026-01-01 00:00:00,0.8626022268203504,0,binance,0.001,62.25317683,2,-0.1276177348828778,0.008626022268203503,1,"[""BTC/USDC""]",28.639493697257777,FINITE,24.50635366,0.2450635366,12.25317683,False,backtest-result-2026-08-17_17-45-29.json,LOCAL_RESEARCH_RUN,champion_ablation:ED8NoCustomExitAblation,unlimited,USDC,50.0,ED8NoCustomExitAblation,ED8NoCustomExitAblation,1m,20260101-20260501,20,0.17,eb723a2f8c023fbab2b6a6ac6d7801449b57280eee113c8ae549eed941c64714,spot,VERIFIZIERT,2.2586239093449305,0.9,90.0,18
results/champion_ablation/backtest-result-2026-08-17_17-45-29.zip,0a797f511126e5d328ea675ddfd3c2f1a3ca91e437fe58082630421bab11017a,120,2026-05-01 00:00:00,2026-01-01 00:00:00,0.0,0,binance,0.001,52.06020046,0,-0.1276177348828778,0.0,1,"[""BTC/USDC""]",0.0,UNDEFINED_NO_LOSSES,4.12040092,0.041204009199999996,2.06020046,False,backtest-result-2026-08-17_17-45-29.json,LOCAL_RESEARCH_RUN,champion_ablation:ED8OnlyE001EntryAblation,unlimited,USDC,50.0,ED8OnlyE001EntryAblation,ED8OnlyE001EntryAblation,1m,20260101-20260501,5,0.04,531142e8c16590bc8279dbfb3f7664b2bfedc7ae35fb5de7f1f535b29eb38cb4,spot,VERIFIZIERT,1.535255238926566,1.0,100.0,5
results/champion_ablation/backtest-result-2026-08-17_17-45-29.zip,0a797f511126e5d328ea675ddfd3c2f1a3ca91e437fe58082630421bab11017a,120,2026-05-01 00:00:00,2026-01-01 00:00:00,0.8626022268203504,0,binance,0.001,62.25317683,2,-0.1276177348828778,0.008626022268203503,1,"[""BTC/USDC""]",28.639493697257777,FINITE,24.50635366,0.2450635366,12.25317683,False,backtest-result-2026-08-17_17-45-29.json,LOCAL_RESEARCH_RUN,champion_ablation:ED8ROIOnlyExitAblation,unlimited,USDC,50.0,ED8ROIOnlyExitAblation,ED8ROIOnlyExitAblation,1m,20260101-20260501,20,0.17,eb723a2f8c023fbab2b6a6ac6d7801449b57280eee113c8ae549eed941c64714,spot,VERIFIZIERT,2.2586239093449305,0.9,90.0,18
results/champion_ablation/backtest-result-2026-08-17_17-45-29.zip,0a797f511126e5d328ea675ddfd3c2f1a3ca91e437fe58082630421bab11017a,120,2026-05-01 00:00:00,2026-01-01 00:00:00,0.0,0,binance,0.001,61.874727639999996,0,-0.1276177348828778,0.0,1,"[""BTC/USDC""]",0.0,UNDEFINED_NO_LOSSES,23.749455280000003,0.23749455280000004,11.874727640000001,False,backtest-result-2026-08-17_17-45-29.json,LOCAL_RESEARCH_RUN,champion_ablation:ED8WithoutE001EntryAblation,unlimited,USDC,50.0,ED8WithoutE001EntryAblation,ED8WithoutE001EntryAblation,1m,20260101-20260501,16,0.13,ad6a8a8a084809b8aa864bc3043f5366c9568e899af846a2c94278918a93ed4f,spot,VERIFIZIERT,1.9123205009957571,1.0,100.0,16
results/champion_common_ablation/backtest-result-2026-08-17_18-10-06.zip,3790429014bad2271f1502c5396353281805bc29814f9090ef921d5796d05cde,120,2026-05-01 00:00:00,2026-01-01 00:00:00,1.7997263890901603,0,binance,0.001,1178.33111814,2,-0.1276177348828778,0.017997263890901602,1,"[""BTC/USDC""]",5.988896306080397,FINITE,17.833111813999995,0.17833111813999997,178.33111813999997,False,backtest-result-2026-08-17_18-10-06.json,LOCAL_RESEARCH_RUN,champion_common_ablation:ED8Delay1,unlimited,USDC,1000.0,ED8Delay1,ED8Delay1,1m,20260101-20260501,20,0.17,36974e056b016b105ff2c331d9f354aed16ffeeba17d186eb7b88923e40736eb,spot,VERIFIZIERT,2.648928463776737,0.9,90.0,18
results/champion_common_ablation/backtest-result-2026-08-17_18-10-06.zip,3790429014bad2271f1502c5396353281805bc29814f9090ef921d5796d05cde,120,2026-05-01 00:00:00,2026-01-01 00:00:00,1.8926231438500734,0,binance,0.001,1193.9967978,2,-0.1276177348828778,0.018926231438500734,1,"[""BTC/USDC""]",6.300430436782352,FINITE,19.39967978,0.1939967978,193.9967978,False,backtest-result-2026-08-17_18-10-06.json,LOCAL_RESEARCH_RUN,champion_common_ablation:ED8Delay2,unlimited,USDC,1000.0,ED8Delay2,ED8Delay2,1m,20260101-20260501,20,0.17,deb4670a563d7c4b606601e1aa67d139f47747c098a3e30a1ac8fd555c3e4165,spot,VERIFIZIERT,2.5157490079914138,0.9,90.0,18
results/champion_common_ablation/backtest-result-2026-08-17_18-10-06.zip,3790429014bad2271f1502c5396353281805bc29814f9090ef921d5796d05cde,120,2026-05-01 00:00:00,2026-01-01 00:00:00,0.8630709586993206,0,binance,0.001,1245.26743557,2,-0.1276177348828778,0.008630709586993206,1,"[""BTC/USDC""]",28.646644123112143,FINITE,24.526743557000003,0.24526743557000003,245.26743557000003,False,backtest-result-2026-08-17_18-10-06.json,LOCAL_RESEARCH_RUN,champion_common_ablation:ED8NoCustomExitAblation,unlimited,USDC,1000.0,ED8NoCustomExitAblation,ED8NoCustomExitAblation,1m,20260101-20260501,20,0.17,4897b768d942f14cb158173a62c9377e65981f28dc427a7c30b34c7ae4a543f2,spot,VERIFIZIERT,2.260272816389587,0.9,90.0,18
results/champion_common_ablation/backtest-result-2026-08-17_18-10-06.zip,3790429014bad2271f1502c5396353281805bc29814f9090ef921d5796d05cde,120,2026-05-01 00:00:00,2026-01-01 00:00:00,0.0,0,binance,0.001,1041.23813511,0,-0.1276177348828778,0.0,1,"[""BTC/USDC""]",0.0,UNDEFINED_NO_LOSSES,4.123813511,0.04123813511,41.238135109999995,False,backtest-result-2026-08-17_18-10-06.json,LOCAL_RESEARCH_RUN,champion_common_ablation:ED8OnlyE001EntryAblation,unlimited,USDC,1000.0,ED8OnlyE001EntryAblation,ED8OnlyE001EntryAblation,1m,20260101-20260501,5,0.04,e0828b032be39c183d5c1e45ff0c7d59290f348c1a71bb219cdb776cedb75511,spot,VERIFIZIERT,1.5360165162922732,1.0,100.0,5
results/champion_common_ablation/backtest-result-2026-08-17_18-10-06.zip,3790429014bad2271f1502c5396353281805bc29814f9090ef921d5796d05cde,120,2026-05-01 00:00:00,2026-01-01 00:00:00,0.8630709586993206,0,binance,0.001,1245.26743557,2,-0.1276177348828778,0.008630709586993206,1,"[""BTC/USDC""]",28.646644123112143,FINITE,24.526743557000003,0.24526743557000003,245.26743557000003,False,backtest-result-2026-08-17_18-10-06.json,LOCAL_RESEARCH_RUN,champion_common_ablation:ED8ROIOnlyExitAblation,unlimited,USDC,1000.0,ED8ROIOnlyExitAblation,ED8ROIOnlyExitAblation,1m,20260101-20260501,20,0.17,4897b768d942f14cb158173a62c9377e65981f28dc427a7c30b34c7ae4a543f2,spot,VERIFIZIERT,2.260272816389587,0.9,90.0,18
results/champion_common_ablation/backtest-result-2026-08-17_18-10-06.zip,3790429014bad2271f1502c5396353281805bc29814f9090ef921d5796d05cde,120,2026-05-01 00:00:00,2026-01-01 00:00:00,0.0,0,binance,0.001,1237.65074707,0,-0.1276177348828778,0.0,1,"[""BTC/USDC""]",0.0,UNDEFINED_NO_LOSSES,23.765074706999997,0.23765074706999997,237.65074706999997,False,backtest-result-2026-08-17_18-10-06.json,LOCAL_RESEARCH_RUN,champion_common_ablation:ED8WithoutE001EntryAblation,unlimited,USDC,1000.0,ED8WithoutE001EntryAblation,ED8WithoutE001EntryAblation,1m,20260101-20260501,16,0.13,27b90bf5e0c6d32ddc29504eb27fab8a9aa604bd9f5b22dd57c25763f3b34f95,spot,VERIFIZIERT,1.9144047794478851,1.0,100.0,16
results/champion_common_fee_002/backtest-result-2026-08-17_18-08-24.zip,4a071f31f5be048e183c68f61537fb7940db0477aef1232c86678f2cf04caa0d,120,2026-05-01 00:00:00,2026-01-01 00:00:00,1.8384341770123547,0,binance,0.002,1139.7330210100001,4,-0.1276177348828778,0.018384341770123547,1,"[""BTC/USDC""]",3.689092035911282,FINITE,13.973302101000002,0.13973302101,139.73302101000002,False,backtest-result-2026-08-17_18-08-24.json,LOCAL_RESEARCH_RUN,champion_common_fee_002:ED8,unlimited,USDC,1000.0,ED8,ED8,1m,20260101-20260501,19,0.16,825c4f7064f6b2cb182a60cec646da2a6c204f1c5915356552d0c812eec4edb5,spot,VERIFIZIERT,2.772726700443247,0.7894736842105263,78.94736842105263,15
results/champion_common_fee_003/backtest-result-2026-08-17_18-08-24.zip,c71cfdf5886f059b34b5a0e74af801e5c945b77d1609cd9375afa848af781a51,120,2026-05-01 00:00:00,2026-01-01 00:00:00,2.8913212053800352,0,binance,0.003,1094.3754906,4,-0.1276177348828778,0.028913212053800354,1,"[""BTC/USDC""]",2.5084445394330763,FINITE,9.437549059999998,0.09437549059999999,94.37549059999999,False,backtest-result-2026-08-17_18-08-24.json,LOCAL_RESEARCH_RUN,champion_common_fee_003:ED8,unlimited,USDC,1000.0,ED8,ED8,1m,20260101-20260501,19,0.16,32d9383fcdfb4cebd347cf7bad55b971ace326416d18c3673cb56b566b167697,spot,VERIFIZIERT,4.259990652156732,0.7894736842105263,78.94736842105263,15
results/champion_common_full/backtest-result-2026-08-17_17-39-56.zip,0b062e98d2ae2066e91ee7e2f0fe68dd7371e45da46da2d5aae67435ed62e109,120,2026-05-01 00:00:00,2026-01-01 00:00:00,0.0,0,binance,0.001,1262.4181329,0,-0.1276177348828778,0.0,1,"[""BTC/USDC""]",0.0,UNDEFINED_NO_LOSSES,26.24181329,0.2624181329,262.4181329,False,backtest-result-2026-08-17_17-39-56.json,LOCAL_RESEARCH_RUN,champion_common_full:ED8,unlimited,USDC,1000.0,ED8,ED8,1m,20260101-20260501,20,0.17,244e6e82817a75758c77c85025b32e13abb756eb3a56257254388b3355dfc488,spot,VERIFIZIERT,1.914468054293001,1.0,100.0,20
results/champion_determinism_repeat/backtest-result-2026-08-17_17-42-28.zip,11b5c53ad95ae44de386c372468392a29c3d84923f7505929031cf41aca63abf,120,2026-05-01 00:00:00,2026-01-01 00:00:00,0.0,0,binance,0.001,63.10967119,0,-0.1276177348828778,0.0,1,"[""BTC/USDC""]",0.0,UNDEFINED_NO_LOSSES,26.21934238,0.2621934238,13.10967119,False,backtest-result-2026-08-17_17-42-28.json,LOCAL_RESEARCH_RUN,champion_determinism_repeat:ED8,unlimited,USDC,50.0,ED8,ED8,1m,20260101-20260501,20,0.17,700a36907f0258b3620a6ce887e6191de1c83528e98234c5c6c65d6f9c1a07a5,spot,VERIFIZIERT,1.9133763624023865,1.0,100.0,20
results/champion_fee_002/backtest-result-2026-08-17_17-42-59.zip,875551c3f197bb2ddae0642bc3e2d7e5070d34bd8374066eef620c7f2ab554d9,120,2026-05-01 00:00:00,2026-01-01 00:00:00,1.8384441693912708,0,binance,0.002,56.98130108,4,-0.1276177348828778,0.018384441693912706,1,"[""BTC/USDC""]",3.6885473687964296,FINITE,13.962602159999998,0.13962602159999998,6.98130108,False,backtest-result-2026-08-17_17-42-59.json,LOCAL_RESEARCH_RUN,champion_fee_002:ED8,unlimited,USDC,50.0,ED8,ED8,1m,20260101-20260501,19,0.16,a947929971f1a6ac59d2f377e7d07b08670014fbe7a5222ac4556c96f94a4c52,spot,VERIFIZIERT,2.771289622860444,0.7894736842105263,78.94736842105263,15
results/champion_fee_003/backtest-result-2026-08-17_17-43-28.zip,3daed1dbd29374ab178b651b22110b1c93dfc8e4f0e8e65c33699cba9b8c03bb,120,2026-05-01 00:00:00,2026-01-01 00:00:00,2.889643451695427,0,binance,0.003,54.714408399999996,4,-0.1276177348828778,0.028896434516954266,1,"[""BTC/USDC""]",2.508101938859538,FINITE,9.4288168,0.094288168,4.7144084,False,backtest-result-2026-08-17_17-43-28.json,LOCAL_RESEARCH_RUN,champion_fee_003:ED8,unlimited,USDC,50.0,ED8,ED8,1m,20260101-20260501,19,0.16,ef5b9e2c73b9fc589cec52e993af6d9ce136bd3cf8ab8e0ad171965cc6de7d72,spot,VERIFIZIERT,4.257627048784154,0.7894736842105263,78.94736842105263,15
results/champion_historical/backtest-result-2026-08-17_17-30-28.zip,f6f69732c2e81960e7cdc012c6c84e5ca4758b54c27b5a68484ba275edda437d,120,2026-05-01 00:00:00,2026-01-01 00:00:00,0.0,0,binance,0.001,63.121350070000005,0,-0.1276177348828778,0.0,1,"[""BTC/USDC""]",0.0,UNDEFINED_NO_LOSSES,26.242700140000004,0.2624270014,13.121350070000002,False,backtest-result-2026-08-17_17-30-28.json,FAILED_REPRODUCTION_ATTEMPT,champion_historical:ED8,unlimited,USDC,50.0,ED8,ED8,1m,20260101-20260501,20,0.17,65df829936fa6d78564b67a94f26322b34ca3289a9609150e5a4dd183870ce5f,spot,NICHT VERIFIZIERT,1.9144845527207337,1.0,100.0,20
results/champion_historical_precision6/backtest-result-2026-08-17_17-33-00.zip,06012523dc5f8fa676d0cc96b4a9ad3d8dc3049814b7bad16e2482fa8a1744d0,120,2026-05-01 00:00:00,2026-01-01 00:00:00,0.0,0,binance,0.001,63.10967119,0,-0.1276177348828778,0.0,1,"[""BTC/USDC""]",0.0,UNDEFINED_NO_LOSSES,26.21934238,0.2621934238,13.10967119,False,backtest-result-2026-08-17_17-33-00.json,LOCAL_RESEARCH_RUN,champion_historical_precision6:ED8,unlimited,USDC,50.0,ED8,ED8,1m,20260101-20260501,20,0.17,700a36907f0258b3620a6ce887e6191de1c83528e98234c5c6c65d6f9c1a07a5,spot,VERIFIZIERT,1.9133763624023865,1.0,100.0,20
results/champion_train/champion_train-2026-08-17_17-58-53.zip,8d9d1353f4d1c4ce7a9a279d8e372dc5fe3a40ba4c2d12aa7f79612703131e61,59,2026-03-01 00:00:00,2026-01-01 00:00:00,0.0,0,binance,0.001,1152.49601914,0,-0.2346409827321829,0.0,1,"[""BTC/USDC""]",0.0,UNDEFINED_NO_LOSSES,15.249601914,0.15249601914,152.49601914,False,champion_train-2026-08-17_17-58-53.json,LOCAL_RESEARCH_RUN,champion_train:ED8,unlimited,USDC,1000.0,ED8,ED8,1m,20260101-20260301,13,0.22,3eab93e0282186e962e8c56bb54e6b8bc85f924d90a9ecf4013a08096683ce4e,spot,VERIFIZIERT,1.914468054293001,1.0,100.0,13
results/h001_train/backtest-result-2026-08-17_17-40-32.zip,e3a5f432090813f048026bf693c5351fa74f78a7d52a21cb9aa07e86f97c9c1e,59,2026-03-01 00:00:00,2026-01-01 00:00:00,74.17685953700004,0,binance,0.001,258.2314046299996,662,-0.2346409827321829,0.7417685953700004,1,"[""BTC/USDC""]",0.007730372683065349,FINITE,-74.176859537,-0.74176859537,-741.76859537,False,backtest-result-2026-08-17_17-40-32.json,LOCAL_RESEARCH_RUN,h001_train:CausalRegimePullbackV1,unlimited,USDC,1000.0,CausalRegimePullbackV1,CausalRegimePullbackV1,1m,20260101-20260301,685,11.61,c24bec447d76c236cc02c6382ab8023b7d8b50c9181cba2d35867dfa68856241,spot,VERIFIZIERT,74.18815138962567,0.033576642335766425,3.3576642335766427,23
results/h001_train/backtest-result-2026-08-17_17-40-32.zip,e3a5f432090813f048026bf693c5351fa74f78a7d52a21cb9aa07e86f97c9c1e,59,2026-03-01 00:00:00,2026-01-01 00:00:00,48.42420694799997,0,binance,0.001,515.7579305200003,326,-0.2346409827321829,0.4842420694799997,1,"[""BTC/USDC""]",0.015987388273291964,FINITE,-48.42420694799999,-0.4842420694799999,-484.24206947999994,False,backtest-result-2026-08-17_17-40-32.json,LOCAL_RESEARCH_RUN,h001_train:Delay1CausalRegimePullbackV1,unlimited,USDC,1000.0,Delay1CausalRegimePullbackV1,Delay1CausalRegimePullbackV1,1m,20260101-20260301,341,5.78,2e921f9edd8dad0577097877a5729b5f5c4858ec1aedc0a7a0c7c74156f8d0c4,spot,VERIFIZIERT,48.46168820586759,0.04398826979472141,4.398826979472141,15
results/h001_train/backtest-result-2026-08-17_17-40-32.zip,e3a5f432090813f048026bf693c5351fa74f78a7d52a21cb9aa07e86f97c9c1e,59,2026-03-01 00:00:00,2026-01-01 00:00:00,44.427460763,0,binance,0.001,555.72539237,282,-0.2346409827321829,0.44427460763,1,"[""BTC/USDC""]",0.009678914458427444,FINITE,-44.427460763,-0.44427460763,-444.27460763,False,backtest-result-2026-08-17_17-40-32.json,LOCAL_RESEARCH_RUN,h001_train:Delay2CausalRegimePullbackV1,unlimited,USDC,1000.0,Delay2CausalRegimePullbackV1,Delay2CausalRegimePullbackV1,1m,20260101-20260301,289,4.9,aef604f73520cbbbfaf32d45847c1637e3807625c7d1da01346dbb6fb67ab7c2,spot,VERIFIZIERT,44.476691212658494,0.02422145328719723,2.422145328719723,7
results/h001_train/backtest-result-2026-08-17_17-40-32.zip,e3a5f432090813f048026bf693c5351fa74f78a7d52a21cb9aa07e86f97c9c1e,59,2026-03-01 00:00:00,2026-01-01 00:00:00,92.0632819420001,0,binance,0.001,79.36718057999906,1251,-0.2346409827321829,0.920632819420001,1,"[""BTC/USDC""]",0.0043479327613162,FINITE,-92.063281942,-0.9206328194200001,-920.63281942,False,backtest-result-2026-08-17_17-40-32.json,LOCAL_RESEARCH_RUN,h001_train:NoVolumeAblationV1,unlimited,USDC,1000.0,NoVolumeAblationV1,NoVolumeAblationV1,1m,20260101-20260301,1278,21.66,2fb122f7ea03656202ae48c4ed33fd3434fd3d6b7eee5f5ee8b1cdbf27846164,spot,VERIFIZIERT,92.06675248233826,0.02112676056338028,2.112676056338028,27
results/h001_train/backtest-result-2026-08-17_17-40-32.zip,e3a5f432090813f048026bf693c5351fa74f78a7d52a21cb9aa07e86f97c9c1e,59,2026-03-01 00:00:00,2026-01-01 00:00:00,38.342156367377534,0,binance,0.001,673.1361887800001,50,-0.2346409827321829,0.38342156367377533,1,"[""BTC/USDC""]",0.6011417607037869,FINITE,-32.68638112200001,-0.3268638112200001,-326.86381122000006,False,backtest-result-2026-08-17_17-40-32.json,LOCAL_RESEARCH_RUN,h001_train:ROIOnlyExitAblationV1,unlimited,USDC,1000.0,ROIOnlyExitAblationV1,ROIOnlyExitAblationV1,1m,20260101-20260301,181,3.07,73fa9e4653682110f438e9bca5125710f773d2f7dd106542e6d6d38087dc0c4c,spot,VERIFIZIERT,39.102384285992116,0.7237569060773481,72.37569060773481,131
results/h001_train/backtest-result-2026-08-17_17-40-32.zip,e3a5f432090813f048026bf693c5351fa74f78a7d52a21cb9aa07e86f97c9c1e,59,2026-03-01 00:00:00,2026-01-01 00:00:00,50.52871346651243,0,binance,0.001,497.21788563000007,178,-0.2346409827321829,0.5052871346651243,1,"[""BTC/USDC""]",0.31744490343245124,FINITE,-50.27821143700001,-0.5027821143700001,-502.78211437000004,False,backtest-result-2026-08-17_17-40-32.json,LOCAL_RESEARCH_RUN,h001_train:RandomSignalControl,unlimited,USDC,1000.0,RandomSignalControl,RandomSignalControl,1m,20260101-20260301,253,4.29,dce38c0484fe29fb5680f1dfe29f42f576db8a1db6b2d7c15f1be80212c20176,spot,VERIFIZIERT,50.84190191527441,0.2964426877470356,29.64426877470356,75
results/h001_train/backtest-result-2026-08-17_17-40-32.zip,e3a5f432090813f048026bf693c5351fa74f78a7d52a21cb9aa07e86f97c9c1e,59,2026-03-01 00:00:00,2026-01-01 00:00:00,89.31809495197426,0,binance,0.001,108.1826768099993,688,-0.2346409827321829,0.8931809495197426,1,"[""BTC/USDC""]",0.34360064514254746,FINITE,-89.181732319,-0.8918173231900001,-891.81732319,False,backtest-result-2026-08-17_17-40-32.json,LOCAL_RESEARCH_RUN,h001_train:ReversedSignalControlV1,unlimited,USDC,1000.0,ReversedSignalControlV1,ReversedSignalControlV1,1m,20260101-20260301,968,16.41,68a0c9a95913b9c3d3ebc69dd340337299bf49503b0707b3732997b5ffd47474,spot,VERIFIZIERT,89.36455514403113,0.2892561983471074,28.92561983471074,280
results/h002_train/backtest-result-2026-08-17_17-41-24.zip,dd5306da0e53e35fd4bfc1fed6e3f73258192814f548e05a0d6857cd1be61e7c,59,2026-03-01 00:00:00,2026-01-01 00:00:00,47.2739886586871,0,binance,0.001,549.34071956,83,-0.2346409827321829,0.472739886586871,1,"[""BTC/USDC""]",0.4742255157369716,FINITE,-45.065928043999996,-0.45065928044,-450.65928044,False,backtest-result-2026-08-17_17-41-24.json,LOCAL_RESEARCH_RUN,h002_train:CausalRegimePullbackV2,unlimited,USDC,1000.0,CausalRegimePullbackV2,CausalRegimePullbackV2,1m,20260101-20260301,257,4.36,543e017ae5ae3d11e02e60ab2e6a57dd62f3449b403cbcbe17bb3b21a58a0627,spot,VERIFIZIERT,47.634020338691734,0.6770428015564203,67.70428015564202,174
results/h002_train/backtest-result-2026-08-17_17-41-24.zip,dd5306da0e53e35fd4bfc1fed6e3f73258192814f548e05a0d6857cd1be61e7c,59,2026-03-01 00:00:00,2026-01-01 00:00:00,41.84034315907008,0,binance,0.001,602.4618055100004,66,-0.2346409827321829,0.4184034315907008,1,"[""BTC/USDC""]",0.44146661408037136,FINITE,-39.753819449,-0.39753819449,-397.53819449,False,backtest-result-2026-08-17_17-41-24.json,LOCAL_RESEARCH_RUN,h002_train:Delay1CausalRegimePullbackV2,unlimited,USDC,1000.0,Delay1CausalRegimePullbackV2,Delay1CausalRegimePullbackV2,1m,20260101-20260301,195,3.31,874e851d5b8323b0f32b91118e436b9d1ad2d18d5856a9d1c24974e8cef6675c,spot,VERIFIZIERT,42.200785778933735,0.6615384615384615,66.15384615384615,129
results/h002_train/backtest-result-2026-08-17_17-41-24.zip,dd5306da0e53e35fd4bfc1fed6e3f73258192814f548e05a0d6857cd1be61e7c,59,2026-03-01 00:00:00,2026-01-01 00:00:00,42.427705383979095,0,binance,0.001,602.8090412200003,63,-0.2346409827321829,0.4242770538397909,1,"[""BTC/USDC""]",0.42769601014422876,FINITE,-39.71909587799999,-0.39719095877999994,-397.19095877999996,False,backtest-result-2026-08-17_17-41-24.json,LOCAL_RESEARCH_RUN,h002_train:Delay2CausalRegimePullbackV2,unlimited,USDC,1000.0,Delay2CausalRegimePullbackV2,Delay2CausalRegimePullbackV2,1m,20260101-20260301,176,2.98,b40c59d93cc28f56d0a2b4b7e48865f8c1af3e0460746e28020d71c6dae76f3c,spot,VERIFIZIERT,42.577455280028595,0.6420454545454546,64.20454545454545,113
